bank_name,quarter,anom_score,systemic_score,adjusted_score,is_anomaly,known_event,known_event_label
JPMorgan Chase Bank,03/31/2001,0.5091936883142025,0.4821972975597834,0.02699639075441912,0,False,
JPMorgan Chase Bank,06/30/2001,0.49983883564114856,0.46945909068038316,0.030379744960765398,0,False,
JPMorgan Chase Bank,09/30/2001,0.48925427117835113,0.4664737972847492,0.022780473893601938,0,True,9/11 Terrorist Attacks — market-wide shock
JPMorgan Chase Bank,12/31/2001,0.4845259111836325,0.4737919704710463,0.010733940712586154,0,False,
JPMorgan Chase Bank,03/31/2002,0.4656260558667751,0.44580276232648225,0.01982329354029283,0,False,
JPMorgan Chase Bank,06/30/2002,0.44737551993562635,0.43581108669959007,0.011564433236036287,0,False,
JPMorgan Chase Bank,09/30/2002,0.4585025492179376,0.4371087980693981,0.021393751148539475,0,False,
JPMorgan Chase Bank,12/31/2002,0.4596414357302344,0.44708176605171684,0.012559669678517571,0,False,
JPMorgan Chase Bank,03/31/2003,0.4545910981915429,0.43755221176832926,0.01703888642321366,0,False,
JPMorgan Chase Bank,06/30/2003,0.4581771106413997,0.43417527356465957,0.02400183707674014,0,False,
JPMorgan Chase Bank,09/30/2003,0.4450233837011779,0.43086646981905624,0.014156913882121647,0,False,
JPMorgan Chase Bank,12/31/2003,0.4557800280468189,0.4413007454193715,0.01447928262744741,0,False,
JPMorgan Chase Bank,03/31/2004,0.454175128180807,0.4298499449871023,0.024325183193704747,0,False,
JPMorgan Chase Bank,06/30/2004,0.44713576629035856,0.42176366743256555,0.025372098857793013,0,False,
JPMorgan Chase Bank,09/30/2004,0.4499581297709727,0.424356253348425,0.025601876422547687,0,False,
JPMorgan Chase Bank,12/31/2004,0.4643418214450914,0.431132151410366,0.033209670034725414,0,False,
JPMorgan Chase Bank,03/31/2005,0.44143174919491257,0.4215252476674352,0.01990650152747736,0,False,
JPMorgan Chase Bank,06/30/2005,0.4443983354831111,0.42255655091730915,0.021841784565801936,0,False,
JPMorgan Chase Bank,09/30/2005,0.43700476225572327,0.42767627047390155,0.009328491781821713,0,False,
JPMorgan Chase Bank,12/31/2005,0.44622667961796153,0.43704394093568305,0.00918273868227848,0,False,
JPMorgan Chase Bank,03/31/2006,0.4171413685826903,0.4243212133067429,-0.0071798447240525864,0,False,
JPMorgan Chase Bank,06/30/2006,0.4199496824321302,0.42483717925729536,-0.00488749682516515,0,False,
JPMorgan Chase Bank,09/30/2006,0.43660382094131306,0.43468021616009134,0.0019236047812217216,0,False,
JPMorgan Chase Bank,12/31/2006,0.4574357051626897,0.4579746587684862,-0.0005389536057964772,0,False,
JPMorgan Chase Bank,03/31/2007,0.4308088861027903,0.431813750871272,-0.001004864768481717,0,False,
JPMorgan Chase Bank,06/30/2007,0.43483895776070247,0.4358436780186395,-0.0010047202579370196,0,False,
JPMorgan Chase Bank,09/30/2007,0.4425785587995237,0.44832498602950943,-0.005746427229985751,0,False,
JPMorgan Chase Bank,12/31/2007,0.464907339388376,0.48365879009488555,-0.018751450706509576,0,False,
JPMorgan Chase Bank,03/31/2008,0.43632065467631337,0.44678803528021194,-0.010467380603898568,0,False,
JPMorgan Chase Bank,06/30/2008,0.4471258152768871,0.45480068431666937,-0.007674869039782262,0,False,
JPMorgan Chase Bank,09/30/2008,0.4927540392736496,0.4734835018670373,0.019270537406612276,0,False,
JPMorgan Chase Bank,12/31/2008,0.5337489694577285,0.5165914725222495,0.017157496935479077,1,False,
JPMorgan Chase Bank,03/31/2009,0.47699745136615634,0.46513708479185617,0.011860366574300174,0,False,
JPMorgan Chase Bank,06/30/2009,0.4584614177013223,0.45610734855381746,0.002354069147504856,0,False,
JPMorgan Chase Bank,09/30/2009,0.4806411082828317,0.46846220005385425,0.012178908228977436,0,False,
JPMorgan Chase Bank,12/31/2009,0.49550550158508583,0.4893937957556262,0.006111705829459635,0,False,
JPMorgan Chase Bank,03/31/2010,0.46151477108409844,0.458131257668021,0.003383513416077455,0,False,
JPMorgan Chase Bank,06/30/2010,0.4489590795007159,0.4484365073042636,0.0005225721964522978,0,False,
JPMorgan Chase Bank,09/30/2010,0.45933555038452306,0.4529337370548454,0.0064018133296776525,0,False,
JPMorgan Chase Bank,12/31/2010,0.46957295311044056,0.4624833971940681,0.0070895559163724475,0,False,
JPMorgan Chase Bank,03/31/2011,0.4506146326753559,0.43883988494192266,0.011774747733433233,0,False,
JPMorgan Chase Bank,06/30/2011,0.4421810476261691,0.4400008328163975,0.0021802148097715968,0,False,
JPMorgan Chase Bank,09/30/2011,0.4483040940939287,0.4501680647335579,-0.001863970639629231,0,False,
JPMorgan Chase Bank,12/31/2011,0.4660703839376551,0.46327149861695177,0.002798885320703326,0,False,
JPMorgan Chase Bank,03/31/2012,0.446714957265105,0.43200224049250086,0.014712716772604162,0,False,
JPMorgan Chase Bank,06/30/2012,0.4314760082656019,0.42244794795644913,0.009028060309152763,0,False,
JPMorgan Chase Bank,09/30/2012,0.43822437407589,0.43655226594294816,0.0016721081329418297,0,False,
JPMorgan Chase Bank,12/31/2012,0.4476675788378067,0.45206195550194134,-0.004394376664134614,0,False,
JPMorgan Chase Bank,03/31/2013,0.4344230460869044,0.4283498678355448,0.006073178251359612,0,False,
JPMorgan Chase Bank,06/30/2013,0.42533154275386187,0.42097260441851,0.004358938335351892,0,False,
JPMorgan Chase Bank,09/30/2013,0.42174297808029526,0.42557078376308904,-0.0038278056827937834,0,False,
JPMorgan Chase Bank,12/31/2013,0.44263987533015264,0.4459745588786896,-0.003334683548536943,0,False,
JPMorgan Chase Bank,03/31/2014,0.42233371573979406,0.42290098073617105,-0.0005672649963769927,0,False,
JPMorgan Chase Bank,06/30/2014,0.4212193704963992,0.41164005323416725,0.009579317262231934,0,False,
JPMorgan Chase Bank,09/30/2014,0.4126560772315833,0.41886601199098344,-0.006209934759400126,0,False,
JPMorgan Chase Bank,12/31/2014,0.4291748144604783,0.4414300931980759,-0.01225527873759763,0,False,
JPMorgan Chase Bank,03/31/2015,0.42146611422741187,0.42394208245745607,-0.002475968230044201,0,False,
JPMorgan Chase Bank,06/30/2015,0.405071136278497,0.41185804972486734,-0.006786913446370335,0,False,
JPMorgan Chase Bank,09/30/2015,0.40689021114151214,0.42265609354285644,-0.0157658824013443,0,False,
JPMorgan Chase Bank,12/31/2015,0.41762080670568325,0.43884703994667307,-0.021226233240989822,0,False,
JPMorgan Chase Bank,03/31/2016,0.41592202110722887,0.42397855621777686,-0.008056535110547991,0,False,
JPMorgan Chase Bank,06/30/2016,0.4155209413520317,0.41722203844428,-0.0017010970922483049,0,False,
JPMorgan Chase Bank,09/30/2016,0.404242822452506,0.4267022978206363,-0.02245947536813031,0,False,
JPMorgan Chase Bank,12/31/2016,0.42134151904140493,0.4481001394007535,-0.02675862035934856,0,False,
JPMorgan Chase Bank,03/31/2017,0.41269946198842006,0.4206652257129591,-0.007965763724539054,0,False,
JPMorgan Chase Bank,06/30/2017,0.4059097315147729,0.41605531213427377,-0.010145580619500882,0,False,
JPMorgan Chase Bank,09/30/2017,0.41101186928540673,0.4212961690036372,-0.010284299718230472,0,False,
JPMorgan Chase Bank,12/31/2017,0.4140555252592522,0.44178261645994477,-0.027727091200692555,0,False,
JPMorgan Chase Bank,03/31/2018,0.4186211137662711,0.4210636141455543,-0.00244250037928323,0,False,
JPMorgan Chase Bank,06/30/2018,0.4134778536219769,0.4177958564570019,-0.004318002835024981,0,False,
JPMorgan Chase Bank,09/30/2018,0.4159206618466164,0.43057596957274047,-0.014655307726124056,0,False,
JPMorgan Chase Bank,12/31/2018,0.44043230631785163,0.45813045612553377,-0.01769814980768214,0,False,
JPMorgan Chase Bank,03/31/2019,0.42601727799830313,0.4273772000718766,-0.0013599220735734385,0,False,
JPMorgan Chase Bank,06/30/2019,0.43452190248553646,0.43052890032021124,0.003993002165325221,0,False,
JPMorgan Chase Bank,09/30/2019,0.44457868713704957,0.44333411723009175,0.0012445699069578153,0,False,
JPMorgan Chase Bank,12/31/2019,0.4499964935283401,0.46697197271650603,-0.016975479188165943,0,False,
JPMorgan Chase Bank,03/31/2020,0.45550723769687557,0.45838768766226257,-0.0028804499653869997,0,False,
JPMorgan Chase Bank,06/30/2020,0.45888203679628614,0.4607462582303272,-0.00186422143404108,0,False,
JPMorgan Chase Bank,09/30/2020,0.4540213534608868,0.4642818960094897,-0.010260542548602924,0,False,
JPMorgan Chase Bank,12/31/2020,0.47229514925401855,0.48453511677032335,-0.012239967516304795,0,False,
JPMorgan Chase Bank,03/31/2021,0.45598924777355776,0.4595506743270286,-0.003561426553470859,0,False,
JPMorgan Chase Bank,06/30/2021,0.4514397917328033,0.45514820921765486,-0.003708417484851567,0,False,
JPMorgan Chase Bank,09/30/2021,0.45970501645227835,0.47084219934175575,-0.011137182889477404,0,False,
JPMorgan Chase Bank,12/31/2021,0.4702373481266363,0.4942708924183066,-0.02403354429167026,0,False,
JPMorgan Chase Bank,03/31/2022,0.4878838506623465,0.48066803691024423,0.007215813752102285,0,False,
JPMorgan Chase Bank,06/30/2022,0.48094479525535355,0.4794682204737195,0.0014765747816340435,0,False,
JPMorgan Chase Bank,09/30/2022,0.4772597169369313,0.4866472598932927,-0.009387542956361405,0,False,
JPMorgan Chase Bank,12/31/2022,0.4922846857057903,0.5037283891296305,-0.011443703423840157,0,False,
JPMorgan Chase Bank,03/31/2023,0.4621792173677201,0.46876383758834206,-0.006584620220621951,0,False,
JPMorgan Chase Bank,06/30/2023,0.4682037048720996,0.47551669015645553,-0.007312985284355922,0,False,
JPMorgan Chase Bank,09/30/2023,0.4949237971518337,0.5035406815470475,-0.008616884395213742,0,False,
JPMorgan Chase Bank,12/31/2023,0.5276421904235031,0.5406190717954277,-0.012976881371924542,1,False,
JPMorgan Chase Bank,03/31/2024,0.4962753389322357,0.4763300850897713,0.019945253842464372,0,False,
JPMorgan Chase Bank,06/30/2024,0.507981677178902,0.48254017431850843,0.02544150286039354,0,False,
JPMorgan Chase Bank,09/30/2024,0.5197733721886957,0.5170274382224124,0.0027459339662833093,0,False,
JPMorgan Chase Bank,12/31/2024,0.5579620991890075,0.5697075746078075,-0.0117454754188,1,False,
JPMorgan Chase Bank,03/31/2025,0.5148415207593123,0.5121427260161949,0.0026987947431174053,0,False,
JPMorgan Chase Bank,06/30/2025,0.5469820414278938,0.5317015309372604,0.015280510490633392,1,False,
JPMorgan Chase Bank,09/30/2025,0.5786068323332312,0.5776609149746578,0.0009459173585734115,1,False,
Citibank,03/31/2001,0.5197420377795159,0.4821972975597834,0.037544740219732475,1,False,
Citibank,06/30/2001,0.49579399943088065,0.46945909068038316,0.026334908750497488,0,False,
Citibank,09/30/2001,0.4860328603091223,0.4664737972847492,0.019559063024373102,0,True,9/11 Terrorist Attacks — market-wide shock
Citibank,12/31/2001,0.4962668554473847,0.4737919704710463,0.022474884976338372,0,False,
Citibank,03/31/2002,0.4924494304196225,0.44580276232648225,0.046646668093140276,0,False,
Citibank,06/30/2002,0.47666001310995343,0.43581108669959007,0.04084892641036336,0,False,
Citibank,09/30/2002,0.4732264829948445,0.4371087980693981,0.03611768492544637,0,False,
Citibank,12/31/2002,0.4904290061679524,0.44708176605171684,0.04334724011623553,0,False,
Citibank,03/31/2003,0.46197833219959195,0.43755221176832926,0.024426120431262688,0,False,
Citibank,06/30/2003,0.4610107142857403,0.43417527356465957,0.02683544072108074,0,False,
Citibank,09/30/2003,0.4505714756899033,0.43086646981905624,0.01970500587084706,0,False,
Citibank,12/31/2003,0.4652951879698132,0.4413007454193715,0.023994442550441697,0,False,
Citibank,03/31/2004,0.4438339453624909,0.4298499449871023,0.013984000375388606,0,False,
Citibank,06/30/2004,0.4407703689375586,0.42176366743256555,0.019006701504993062,0,False,
Citibank,09/30/2004,0.44100138800594074,0.424356253348425,0.016645134657515714,0,False,
Citibank,12/31/2004,0.45019079044084365,0.431132151410366,0.019058639030477664,0,False,
Citibank,03/31/2005,0.43998524252118565,0.4215252476674352,0.01845999485375044,0,False,
Citibank,06/30/2005,0.4393806526807284,0.42255655091730915,0.016824101763419252,0,False,
Citibank,09/30/2005,0.456934917485322,0.42767627047390155,0.029258647011420447,0,False,
Citibank,12/31/2005,0.46142048170188515,0.43704394093568305,0.024376540766202104,0,False,
Citibank,03/31/2006,0.4507752737797425,0.4243212133067429,0.02645406047299964,0,False,
Citibank,06/30/2006,0.4494096137052782,0.42483717925729536,0.02457243444798285,0,False,
Citibank,09/30/2006,0.47298693269849373,0.43468021616009134,0.0383067165384024,0,False,
Citibank,12/31/2006,0.48956453638695463,0.4579746587684862,0.03158987761846843,0,False,
Citibank,03/31/2007,0.484395391540703,0.431813750871272,0.052581640669430996,0,False,
Citibank,06/30/2007,0.47218785557147297,0.4358436780186395,0.03634417755283348,0,False,
Citibank,09/30/2007,0.47660177955101096,0.44832498602950943,0.02827679352150153,0,False,
Citibank,12/31/2007,0.4984215584697417,0.48365879009488555,0.014762768374856128,0,False,
Citibank,03/31/2008,0.48944240672739,0.44678803528021194,0.04265437144717804,0,False,
Citibank,06/30/2008,0.4755794977491187,0.45480068431666937,0.020778813432449306,0,False,
Citibank,09/30/2008,0.47914088584177084,0.4734835018670373,0.005657383974733532,0,False,
Citibank,12/31/2008,0.5513292751599388,0.5165914725222495,0.03473780263768933,1,False,
Citibank,03/31/2009,0.5057279401247242,0.46513708479185617,0.04059085533286805,0,False,
Citibank,06/30/2009,0.5020492907130987,0.45610734855381746,0.04594194215928121,0,False,
Citibank,09/30/2009,0.5100949047709799,0.46846220005385425,0.0416327047171256,1,False,
Citibank,12/31/2009,0.5147560508726033,0.4893937957556262,0.02536225511697715,1,False,
Citibank,03/31/2010,0.4943307907394092,0.458131257668021,0.036199533071388235,0,False,
Citibank,06/30/2010,0.4769536725946057,0.4484365073042636,0.028517165290342095,0,False,
Citibank,09/30/2010,0.47578361017869497,0.4529337370548454,0.022849873123849562,0,False,
Citibank,12/31/2010,0.4778768357491842,0.4624833971940681,0.015393438555116101,0,False,
Citibank,03/31/2011,0.46158010231222973,0.43883988494192266,0.02274021737030707,0,False,
Citibank,06/30/2011,0.46264091000331714,0.4400008328163975,0.022640077186919627,0,False,
Citibank,09/30/2011,0.47321708132066753,0.4501680647335579,0.023049016587109616,0,False,
Citibank,12/31/2011,0.4734563253074704,0.46327149861695177,0.010184826690518622,0,False,
Citibank,03/31/2012,0.4480218044548465,0.43200224049250086,0.016019563962345662,0,False,
Citibank,06/30/2012,0.42897626264443295,0.42244794795644913,0.006528314687983816,0,False,
Citibank,09/30/2012,0.4528173114975457,0.43655226594294816,0.016265045554597568,0,False,
Citibank,12/31/2012,0.4567566450519497,0.45206195550194134,0.004694689550008346,0,False,
Citibank,03/31/2013,0.42912744001619085,0.4283498678355448,0.0007775721806460578,0,False,
Citibank,06/30/2013,0.4282545401772572,0.42097260441851,0.007281935758747249,0,False,
Citibank,09/30/2013,0.4271547658699945,0.42557078376308904,0.0015839821069054683,0,False,
Citibank,12/31/2013,0.4419856926602898,0.4459745588786896,-0.003988866218399778,0,False,
Citibank,03/31/2014,0.42777124407459793,0.42290098073617105,0.004870263338426883,0,False,
Citibank,06/30/2014,0.41993290536650607,0.41164005323416725,0.008292852132338824,0,False,
Citibank,09/30/2014,0.4260352851734127,0.41886601199098344,0.00716927318242927,0,False,
Citibank,12/31/2014,0.43805817395516944,0.4414300931980759,-0.0033719192429064737,0,False,
Citibank,03/31/2015,0.43121332191189965,0.42394208245745607,0.007271239454443579,0,False,
Citibank,06/30/2015,0.41862594324081503,0.41185804972486734,0.006767893515947698,0,False,
Citibank,09/30/2015,0.4225946699920637,0.42265609354285644,-6.142355079274964e-05,0,False,
Citibank,12/31/2015,0.4295797417589998,0.43884703994667307,-0.009267298187673245,0,False,
Citibank,03/31/2016,0.4202425075666832,0.42397855621777686,-0.003736048651093671,0,False,
Citibank,06/30/2016,0.4064789553803067,0.41722203844428,-0.010743083063973313,0,False,
Citibank,09/30/2016,0.41295433229323425,0.4267022978206363,-0.01374796552740204,0,False,
Citibank,12/31/2016,0.4254388625043924,0.4481001394007535,-0.022661276896361104,0,False,
Citibank,03/31/2017,0.4155478815130787,0.4206652257129591,-0.005117344199880414,0,False,
Citibank,06/30/2017,0.4094187906719017,0.41605531213427377,-0.006636521462372091,0,False,
Citibank,09/30/2017,0.4239053073745974,0.4212961690036372,0.002609138370960218,0,False,
Citibank,12/31/2017,0.4348471399070719,0.44178261645994477,-0.006935476552872855,0,False,
Citibank,03/31/2018,0.4134528453127904,0.4210636141455543,-0.007610768832763903,0,False,
Citibank,06/30/2018,0.41039256548281816,0.4177958564570019,-0.0074032909741837405,0,False,
Citibank,09/30/2018,0.4267210459113449,0.43057596957274047,-0.0038549236613955595,0,False,
Citibank,12/31/2018,0.4332912144186198,0.45813045612553377,-0.024839241706913984,0,False,
Citibank,03/31/2019,0.4144406287707347,0.4273772000718766,-0.012936571301141897,0,False,
Citibank,06/30/2019,0.41324146789348065,0.43052890032021124,-0.017287432426730587,0,False,
Citibank,09/30/2019,0.42476464457799956,0.44333411723009175,-0.01856947265209219,0,False,
Citibank,12/31/2019,0.43392098609540336,0.46697197271650603,-0.033050986621102674,0,False,
Citibank,03/31/2020,0.450804359202311,0.45838768766226257,-0.007583328459951577,0,False,
Citibank,06/30/2020,0.4381738866874212,0.4607462582303272,-0.022572371542906033,0,False,
Citibank,09/30/2020,0.44383900740177973,0.4642818960094897,-0.020442888607709986,0,False,
Citibank,12/31/2020,0.4524398459113909,0.48453511677032335,-0.032095270858932434,0,False,
Citibank,03/31/2021,0.44273373127423105,0.4595506743270286,-0.016816943052797573,0,False,
Citibank,06/30/2021,0.43711494839957676,0.45514820921765486,-0.0180332608180781,0,False,
Citibank,09/30/2021,0.44669997695531716,0.47084219934175575,-0.024142222386438594,0,False,
Citibank,12/31/2021,0.46000716040389894,0.4942708924183066,-0.03426373201440763,0,False,
Citibank,03/31/2022,0.4569280214028353,0.48066803691024423,-0.02374001550740895,0,False,
Citibank,06/30/2022,0.43857336618719867,0.4794682204737195,-0.04089485428652084,0,False,
Citibank,09/30/2022,0.45441045228441107,0.4866472598932927,-0.032236807608881646,0,False,
Citibank,12/31/2022,0.470393649931348,0.5037283891296305,-0.03333473919828245,0,False,
Citibank,03/31/2023,0.44675874203323934,0.46876383758834206,-0.022005095555102716,0,False,
Citibank,06/30/2023,0.440262883096564,0.47551669015645553,-0.03525380705989156,0,False,
Citibank,09/30/2023,0.4646978716026412,0.5035406815470475,-0.038842809944406254,0,False,
Citibank,12/31/2023,0.4894863985486715,0.5406190717954277,-0.05113267324675619,0,False,
Citibank,03/31/2024,0.4376026453627307,0.4763300850897713,-0.038727439727040625,0,False,
Citibank,06/30/2024,0.4328652329660614,0.48254017431850843,-0.049674941352447044,0,False,
Citibank,09/30/2024,0.4572999971502719,0.5170274382224124,-0.05972744107214045,0,False,
Citibank,12/31/2024,0.5059474108154306,0.5697075746078075,-0.06376016379237692,0,False,
Citibank,03/31/2025,0.4739177774763609,0.5121427260161949,-0.03822494853983405,0,False,
Citibank,06/30/2025,0.4854267348122528,0.5317015309372604,-0.04627479612500757,0,False,
Citibank,09/30/2025,0.5437578566016111,0.5776609149746578,-0.033903058373046635,1,False,
Bank of America,03/31/2001,0.47020244397503386,0.4821972975597834,-0.011994853584749554,0,False,
Bank of America,06/30/2001,0.4634294516242546,0.46945909068038316,-0.006029639056128577,0,False,
Bank of America,09/30/2001,0.472229233467436,0.4664737972847492,0.005755436182686813,0,True,9/11 Terrorist Attacks — market-wide shock
Bank of America,12/31/2001,0.4888374233090844,0.4737919704710463,0.015045452838038098,0,False,
Bank of America,03/31/2002,0.455672623515065,0.44580276232648225,0.00986986118858274,0,False,
Bank of America,06/30/2002,0.4499078663208595,0.43581108669959007,0.014096779621269429,0,False,
Bank of America,09/30/2002,0.44228738238346715,0.4371087980693981,0.005178584314069035,0,False,
Bank of America,12/31/2002,0.47452909961170314,0.44708176605171684,0.027447333559986298,0,False,
Bank of America,03/31/2003,0.4568838113839333,0.43755221176832926,0.019331599615604045,0,False,
Bank of America,06/30/2003,0.4420260398435181,0.43417527356465957,0.007850766278858556,0,False,
Bank of America,09/30/2003,0.45160010901470793,0.43086646981905624,0.020733639195651687,0,False,
Bank of America,12/31/2003,0.4620652639231331,0.4413007454193715,0.020764518503761598,0,False,
Bank of America,03/31/2004,0.4421910897986857,0.4298499449871023,0.012341144811583438,0,False,
Bank of America,06/30/2004,0.4285516185669212,0.42176366743256555,0.006787951134355652,0,False,
Bank of America,09/30/2004,0.43901250363963457,0.424356253348425,0.014656250291209538,0,False,
Bank of America,12/31/2004,0.4385568999837782,0.431132151410366,0.007424748573412243,0,False,
Bank of America,03/31/2005,0.4426528102469401,0.4215252476674352,0.021127562579504877,0,False,
Bank of America,06/30/2005,0.44433970185321986,0.42255655091730915,0.02178315093591071,0,False,
Bank of America,09/30/2005,0.4429146706678019,0.42767627047390155,0.015238400193900326,0,False,
Bank of America,12/31/2005,0.4619329467945496,0.43704394093568305,0.024889005858866553,0,False,
Bank of America,03/31/2006,0.425976702912663,0.4243212133067429,0.0016554896059201019,0,False,
Bank of America,06/30/2006,0.43560788021358987,0.42483717925729536,0.01077070095629451,0,False,
Bank of America,09/30/2006,0.43976877653574986,0.43468021616009134,0.005088560375658524,0,False,
Bank of America,12/31/2006,0.4748910062678838,0.4579746587684862,0.016916347499397577,0,False,
Bank of America,03/31/2007,0.43079990272558316,0.431813750871272,-0.0010138481456888337,0,False,
Bank of America,06/30/2007,0.4417338096830766,0.4358436780186395,0.005890131664437082,0,False,
Bank of America,09/30/2007,0.45040873041651636,0.44832498602950943,0.002083744387006925,0,False,
Bank of America,12/31/2007,0.4815092640466346,0.48365879009488555,-0.0021495260482509715,0,False,
Bank of America,03/31/2008,0.45612057002646234,0.44678803528021194,0.009332534746250398,0,False,
Bank of America,06/30/2008,0.47709591684064195,0.45480068431666937,0.022295232523972586,0,False,
Bank of America,09/30/2008,0.4872864751552494,0.4734835018670373,0.013802973288212117,0,False,
Bank of America,12/31/2008,0.5311334594922094,0.5165914725222495,0.014541986969959897,1,False,
Bank of America,03/31/2009,0.4891127031259743,0.46513708479185617,0.023975618334118154,0,False,
Bank of America,06/30/2009,0.4892879648440562,0.45610734855381746,0.03318061629023872,0,False,
Bank of America,09/30/2009,0.49168269276460674,0.46846220005385425,0.023220492710752494,0,False,
Bank of America,12/31/2009,0.509281804090558,0.4893937957556262,0.019888008334931817,1,False,
Bank of America,03/31/2010,0.4720615455560924,0.458131257668021,0.013930287888071435,0,False,
Bank of America,06/30/2010,0.4597847707881716,0.4484365073042636,0.011348263483907994,0,False,
Bank of America,09/30/2010,0.4690831900966586,0.4529337370548454,0.0161494530418132,0,False,
Bank of America,12/31/2010,0.47863668095933226,0.4624833971940681,0.016153283765264148,0,False,
Bank of America,03/31/2011,0.4597003308953109,0.43883988494192266,0.020860445953388262,0,False,
Bank of America,06/30/2011,0.4513972740021597,0.4400008328163975,0.011396441185762163,0,False,
Bank of America,09/30/2011,0.473945159329895,0.4501680647335579,0.02377709459633709,0,False,
Bank of America,12/31/2011,0.47985546519637307,0.46327149861695177,0.016583966579421294,0,False,
Bank of America,03/31/2012,0.4500662053890135,0.43200224049250086,0.01806396489651263,0,False,
Bank of America,06/30/2012,0.4490737269002639,0.42244794795644913,0.026625778943814793,0,False,
Bank of America,09/30/2012,0.465066975664601,0.43655226594294816,0.02851470972165282,0,False,
Bank of America,12/31/2012,0.47270410917938227,0.45206195550194134,0.020642153677440933,0,False,
Bank of America,03/31/2013,0.4468991717243565,0.4283498678355448,0.018549303888811708,0,False,
Bank of America,06/30/2013,0.4369257205362653,0.42097260441851,0.01595311611775535,0,False,
Bank of America,09/30/2013,0.43248550474626485,0.42557078376308904,0.006914720983175804,0,False,
Bank of America,12/31/2013,0.4417379869321964,0.4459745588786896,-0.004236571946493184,0,False,
Bank of America,03/31/2014,0.42369064835168085,0.42290098073617105,0.0007896676155098037,0,False,
Bank of America,06/30/2014,0.40740259124646616,0.41164005323416725,-0.0042374619877010855,0,False,
Bank of America,09/30/2014,0.4206928502425621,0.41886601199098344,0.001826838251578644,0,False,
Bank of America,12/31/2014,0.4461834561802362,0.4414300931980759,0.004753362982160281,0,False,
Bank of America,03/31/2015,0.41425338676388895,0.42394208245745607,-0.009688695693567118,0,False,
Bank of America,06/30/2015,0.4083332799882291,0.41185804972486734,-0.0035247697366382336,0,False,
Bank of America,09/30/2015,0.4178180552917264,0.42265609354285644,-0.00483803825113005,0,False,
Bank of America,12/31/2015,0.42606325197978623,0.43884703994667307,-0.01278378796688684,0,False,
Bank of America,03/31/2016,0.4117648667789223,0.42397855621777686,-0.012213689438854536,0,False,
Bank of America,06/30/2016,0.39949740825733787,0.41722203844428,-0.017724630186942147,0,False,
Bank of America,09/30/2016,0.408460864283105,0.4267022978206363,-0.01824143353753127,0,False,
Bank of America,12/31/2016,0.43889607706513045,0.4481001394007535,-0.009204062335623042,0,False,
Bank of America,03/31/2017,0.4244984368899971,0.4206652257129591,0.0038332111770379984,0,False,
Bank of America,06/30/2017,0.4132750092293387,0.41605531213427377,-0.0027803029049350836,0,False,
Bank of America,09/30/2017,0.41324154386842626,0.4212961690036372,-0.008054625135210935,0,False,
Bank of America,12/31/2017,0.42901791507543674,0.44178261645994477,-0.012764701384508026,0,False,
Bank of America,03/31/2018,0.41208882195179863,0.4210636141455543,-0.008974792193755687,0,False,
Bank of America,06/30/2018,0.40877343070756805,0.4177958564570019,-0.009022425749433849,0,False,
Bank of America,09/30/2018,0.4317139236306827,0.43057596957274047,0.0011379540579422587,0,False,
Bank of America,12/31/2018,0.44291801588601015,0.45813045612553377,-0.015212440239523617,0,False,
Bank of America,03/31/2019,0.415195570253539,0.4273772000718766,-0.012181629818337592,0,False,
Bank of America,06/30/2019,0.4158421796775617,0.43052890032021124,-0.014686720642649531,0,False,
Bank of America,09/30/2019,0.42680696951222524,0.44333411723009175,-0.01652714771786651,0,False,
Bank of America,12/31/2019,0.44448755988105465,0.46697197271650603,-0.022484412835451384,0,False,
Bank of America,03/31/2020,0.4308402596672084,0.45838768766226257,-0.027547427995054163,0,False,
Bank of America,06/30/2020,0.44260767274274665,0.4607462582303272,-0.018138585487580572,0,False,
Bank of America,09/30/2020,0.4439791068433608,0.4642818960094897,-0.02030278916612893,0,False,
Bank of America,12/31/2020,0.4539630261335627,0.48453511677032335,-0.03057209063676064,0,False,
Bank of America,03/31/2021,0.4488524523399925,0.4595506743270286,-0.010698221987036127,0,False,
Bank of America,06/30/2021,0.45473975322737686,0.45514820921765486,-0.0004084559902780005,0,False,
Bank of America,09/30/2021,0.46484247247217636,0.47084219934175575,-0.0059997268695793915,0,False,
Bank of America,12/31/2021,0.48238683383810593,0.4942708924183066,-0.01188405858020064,0,False,
Bank of America,03/31/2022,0.4698678898919758,0.48066803691024423,-0.010800147018268424,0,False,
Bank of America,06/30/2022,0.45854057317622937,0.4794682204737195,-0.020927647297490137,0,False,
Bank of America,09/30/2022,0.4624873466011034,0.4866472598932927,-0.024159913292189306,0,False,
Bank of America,12/31/2022,0.4762991818111081,0.5037283891296305,-0.027429207318522386,0,False,
Bank of America,03/31/2023,0.4590743078369524,0.46876383758834206,-0.009689529751389647,0,False,
Bank of America,06/30/2023,0.4665635973752393,0.47551669015645553,-0.008953092781216254,0,False,
Bank of America,09/30/2023,0.48107645104998414,0.5035406815470475,-0.02246423049706331,0,False,
Bank of America,12/31/2023,0.505499252878457,0.5406190717954277,-0.03511981891697069,1,False,
Bank of America,03/31/2024,0.4780373535595116,0.4763300850897713,0.0017072684697402862,0,False,
Bank of America,06/30/2024,0.45692757873348,0.48254017431850843,-0.02561259558502843,0,False,
Bank of America,09/30/2024,0.4902492915562406,0.5170274382224124,-0.026778146666171787,0,False,
Bank of America,12/31/2024,0.5345690273360565,0.5697075746078075,-0.03513854727175103,1,False,
Bank of America,03/31/2025,0.49024919863782,0.5121427260161949,-0.02189352737837491,0,False,
Bank of America,06/30/2025,0.5022045184476229,0.5317015309372604,-0.02949701248963743,0,False,
Bank of America,09/30/2025,0.5465847258200491,0.5776609149746578,-0.031076189154608636,1,False,
Wells Fargo Bank,03/31/2001,0.46650489138435147,0.4821972975597834,-0.01569240617543194,0,False,
Wells Fargo Bank,06/30/2001,0.4385687483728043,0.46945909068038316,-0.030890342307578866,0,False,
Wells Fargo Bank,09/30/2001,0.4384769988928299,0.4664737972847492,-0.02799679839191932,0,True,9/11 Terrorist Attacks — market-wide shock
Wells Fargo Bank,12/31/2001,0.4455625974597951,0.4737919704710463,-0.028229373011251224,0,False,
Wells Fargo Bank,03/31/2002,0.4382243969907057,0.44580276232648225,-0.007578365335776549,0,False,
Wells Fargo Bank,06/30/2002,0.42815536566364776,0.43581108669959007,-0.007655721035942309,0,False,
Wells Fargo Bank,09/30/2002,0.4315809090258628,0.4371087980693981,-0.0055278890435352945,0,False,
Wells Fargo Bank,12/31/2002,0.4287784595907723,0.44708176605171684,-0.018303306460944524,0,False,
Wells Fargo Bank,03/31/2003,0.4348882374472394,0.43755221176832926,-0.002663974321089835,0,False,
Wells Fargo Bank,06/30/2003,0.4329755894792673,0.43417527356465957,-0.001199684085392283,0,False,
Wells Fargo Bank,09/30/2003,0.42934527861239885,0.43086646981905624,-0.0015211912066573907,0,False,
Wells Fargo Bank,12/31/2003,0.4382636601795364,0.4413007454193715,-0.003037085239835091,0,False,
Wells Fargo Bank,03/31/2004,0.4299256357807599,0.4298499449871023,7.569079365760123e-05,0,False,
Wells Fargo Bank,06/30/2004,0.4177586394139128,0.42176366743256555,-0.004005028018652768,0,False,
Wells Fargo Bank,09/30/2004,0.41611349239022627,0.424356253348425,-0.008242760958198758,0,False,
Wells Fargo Bank,12/31/2004,0.41392749136995866,0.431132151410366,-0.017204660040407327,0,False,
Wells Fargo Bank,03/31/2005,0.40763069696172827,0.4215252476674352,-0.013894550705706943,0,False,
Wells Fargo Bank,06/30/2005,0.411941520558435,0.42255655091730915,-0.010615030358874122,0,False,
Wells Fargo Bank,09/30/2005,0.42158571764066527,0.42767627047390155,-0.006090552833236285,0,False,
Wells Fargo Bank,12/31/2005,0.42140024211144717,0.43704394093568305,-0.015643698824235885,0,False,
Wells Fargo Bank,03/31/2006,0.4170853777128668,0.4243212133067429,-0.007235835593876083,0,False,
Wells Fargo Bank,06/30/2006,0.40943992250122613,0.42483717925729536,-0.015397256756069233,0,False,
Wells Fargo Bank,09/30/2006,0.41267010321781983,0.43468021616009134,-0.02201011294227151,0,False,
Wells Fargo Bank,12/31/2006,0.43827411304538866,0.4579746587684862,-0.01970054572309754,0,False,
Wells Fargo Bank,03/31/2007,0.4160803445803712,0.431813750871272,-0.01573340629090081,0,False,
Wells Fargo Bank,06/30/2007,0.42306931750901033,0.4358436780186395,-0.012774360509629157,0,False,
Wells Fargo Bank,09/30/2007,0.42926990234737394,0.44832498602950943,-0.019055083682135487,0,False,
Wells Fargo Bank,12/31/2007,0.44927322584513235,0.48365879009488555,-0.0343855642497532,0,False,
Wells Fargo Bank,03/31/2008,0.43539705273964036,0.44678803528021194,-0.011390982540571581,0,False,
Wells Fargo Bank,06/30/2008,0.441335891506906,0.45480068431666937,-0.01346479280976337,0,False,
Wells Fargo Bank,09/30/2008,0.4509961744295114,0.4734835018670373,-0.022487327437525906,0,False,
Wells Fargo Bank,12/31/2008,0.465771109961808,0.5165914725222495,-0.05082036256044148,0,False,
Wells Fargo Bank,03/31/2009,0.46232849754930333,0.46513708479185617,-0.00280858724255284,0,False,
Wells Fargo Bank,06/30/2009,0.45557663315560093,0.45610734855381746,-0.0005307153982165302,0,False,
Wells Fargo Bank,09/30/2009,0.46915168417228553,0.46846220005385425,0.0006894841184312828,0,False,
Wells Fargo Bank,12/31/2009,0.49012628257652363,0.4893937957556262,0.0007324868208974378,0,False,
Wells Fargo Bank,03/31/2010,0.521817815605667,0.458131257668021,0.063686557937646,1,False,
Wells Fargo Bank,06/30/2010,0.5055693226406914,0.4484365073042636,0.057132815336427833,0,False,
Wells Fargo Bank,09/30/2010,0.5218406797406342,0.4529337370548454,0.06890694268578879,1,False,
Wells Fargo Bank,12/31/2010,0.546491755599695,0.4624833971940681,0.08400835840562687,1,False,
Wells Fargo Bank,03/31/2011,0.48840942399161796,0.43883988494192266,0.0495695390496953,0,False,
Wells Fargo Bank,06/30/2011,0.48401749709003505,0.4400008328163975,0.04401666427363754,0,False,
Wells Fargo Bank,09/30/2011,0.4851690390931183,0.4501680647335579,0.0350009743595604,0,False,
Wells Fargo Bank,12/31/2011,0.4995564130516849,0.46327149861695177,0.03628491443473314,0,False,
Wells Fargo Bank,03/31/2012,0.4730361477912152,0.43200224049250086,0.04103390729871437,0,False,
Wells Fargo Bank,06/30/2012,0.4637028313624143,0.42244794795644913,0.04125488340596517,0,False,
Wells Fargo Bank,09/30/2012,0.48144457081706926,0.43655226594294816,0.0448923048741211,0,False,
Wells Fargo Bank,12/31/2012,0.5085932714455081,0.45206195550194134,0.05653131594356681,0,False,
Wells Fargo Bank,03/31/2013,0.47056906050462055,0.4283498678355448,0.042219192669075756,0,False,
Wells Fargo Bank,06/30/2013,0.4600907517330338,0.42097260441851,0.03911814731452384,0,False,
Wells Fargo Bank,09/30/2013,0.46958484815098817,0.42557078376308904,0.04401406438789912,0,False,
Wells Fargo Bank,12/31/2013,0.5174915742813292,0.4459745588786896,0.0715170154026396,0,False,
Wells Fargo Bank,03/31/2014,0.4725572004900101,0.42290098073617105,0.04965621975383905,0,False,
Wells Fargo Bank,06/30/2014,0.4630291673645675,0.41164005323416725,0.05138911413040026,0,False,
Wells Fargo Bank,09/30/2014,0.4656681026334298,0.41886601199098344,0.04680209064244634,0,False,
Wells Fargo Bank,12/31/2014,0.4961037613360719,0.4414300931980759,0.05467366813799601,0,False,
Wells Fargo Bank,03/31/2015,0.4720303788438851,0.42394208245745607,0.04808829638642903,0,False,
Wells Fargo Bank,06/30/2015,0.4544353761306081,0.41185804972486734,0.042577326405740745,0,False,
Wells Fargo Bank,09/30/2015,0.4646338002223248,0.42265609354285644,0.041977706679468374,0,False,
Wells Fargo Bank,12/31/2015,0.48368747854107813,0.43884703994667307,0.04484043859440506,0,False,
Wells Fargo Bank,03/31/2016,0.478089399601224,0.42397855621777686,0.05411084338344713,0,False,
Wells Fargo Bank,06/30/2016,0.46949427462326865,0.41722203844428,0.05227223617898863,0,False,
Wells Fargo Bank,09/30/2016,0.4784324716552779,0.4267022978206363,0.051730173834641624,0,False,
Wells Fargo Bank,12/31/2016,0.4888845614784174,0.4481001394007535,0.04078442207766392,0,False,
Wells Fargo Bank,03/31/2017,0.4561545331812326,0.4206652257129591,0.0354893074682735,0,False,
Wells Fargo Bank,06/30/2017,0.4542642547247714,0.41605531213427377,0.03820894259049762,0,False,
Wells Fargo Bank,09/30/2017,0.4589559351623538,0.4212961690036372,0.03765976615871658,0,False,
Wells Fargo Bank,12/31/2017,0.4853460499470345,0.44178261645994477,0.04356343348708974,0,False,
Wells Fargo Bank,03/31/2018,0.4549546758697404,0.4210636141455543,0.0338910617241861,0,False,
Wells Fargo Bank,06/30/2018,0.4459575612655133,0.4177958564570019,0.02816170480851138,0,False,
Wells Fargo Bank,09/30/2018,0.4650427636486484,0.43057596957274047,0.034466794075907914,0,False,
Wells Fargo Bank,12/31/2018,0.49464992149252035,0.45813045612553377,0.03651946536698658,0,False,
Wells Fargo Bank,03/31/2019,0.44706228160102374,0.4273772000718766,0.019685081529147164,0,False,
Wells Fargo Bank,06/30/2019,0.44671292122751716,0.43052890032021124,0.016184020907305918,0,False,
Wells Fargo Bank,09/30/2019,0.46354260251388557,0.44333411723009175,0.02020848528379382,0,False,
Wells Fargo Bank,12/31/2019,0.5020112404844312,0.46697197271650603,0.03503926776792521,0,False,
Wells Fargo Bank,03/31/2020,0.47327871988739434,0.45838768766226257,0.014891032225131773,0,False,
Wells Fargo Bank,06/30/2020,0.4823460638092017,0.4607462582303272,0.021599805578874476,0,False,
Wells Fargo Bank,09/30/2020,0.4800782101863288,0.4642818960094897,0.015796314176839077,0,False,
Wells Fargo Bank,12/31/2020,0.49925435773059645,0.48453511677032335,0.014719240960273106,0,False,
Wells Fargo Bank,03/31/2021,0.47197809572580524,0.4595506743270286,0.012427421398776617,0,False,
Wells Fargo Bank,06/30/2021,0.4503520982194489,0.45514820921765486,-0.004796110998205982,0,False,
Wells Fargo Bank,09/30/2021,0.46637545839502176,0.47084219934175575,-0.004466740946733994,0,False,
Wells Fargo Bank,12/31/2021,0.47528451749490586,0.4942708924183066,-0.018986374923400717,0,False,
Wells Fargo Bank,03/31/2022,0.47645034350906035,0.48066803691024423,-0.004217693401183886,0,False,
Wells Fargo Bank,06/30/2022,0.48493358373967566,0.4794682204737195,0.005465363265956147,0,False,
Wells Fargo Bank,09/30/2022,0.4780621916787679,0.4866472598932927,-0.008585068214524816,0,False,
Wells Fargo Bank,12/31/2022,0.4764345183040385,0.5037283891296305,-0.02729387082559198,0,False,
Wells Fargo Bank,03/31/2023,0.45562839184653003,0.46876383758834206,-0.013135445741812024,0,False,
Wells Fargo Bank,06/30/2023,0.4595754987665901,0.47551669015645553,-0.01594119138986544,0,False,
Wells Fargo Bank,09/30/2023,0.49034967168378835,0.5035406815470475,-0.013191009863259107,0,False,
Wells Fargo Bank,12/31/2023,0.5042408341309428,0.5406190717954277,-0.03637823766448489,0,False,
Wells Fargo Bank,03/31/2024,0.4648292310464744,0.4763300850897713,-0.011500854043296926,0,False,
Wells Fargo Bank,06/30/2024,0.4669283678521417,0.48254017431850843,-0.015611806466366729,0,False,
Wells Fargo Bank,09/30/2024,0.5088707348821335,0.5170274382224124,-0.008156703340278848,0,False,
Wells Fargo Bank,12/31/2024,0.5477073874252277,0.5697075746078075,-0.02200018718257979,1,False,
Wells Fargo Bank,03/31/2025,0.5214778870517739,0.5121427260161949,0.009335161035578965,0,False,
Wells Fargo Bank,06/30/2025,0.5128242846158626,0.5317015309372604,-0.018877246321397756,0,False,
Wells Fargo Bank,09/30/2025,0.5536988623127204,0.5776609149746578,-0.023962052661937405,1,False,
Morgan Stanley Bank,03/31/2001,0.44534342634581336,0.4821972975597834,-0.036853871213970046,0,False,
Morgan Stanley Bank,06/30/2001,0.4496644183328278,0.46945909068038316,-0.019794672347555387,0,False,
Morgan Stanley Bank,09/30/2001,0.4463756225760065,0.4664737972847492,-0.0200981747087427,0,True,9/11 Terrorist Attacks — market-wide shock
Morgan Stanley Bank,12/31/2001,0.4537670649553348,0.4737919704710463,-0.02002490551571151,0,False,
Morgan Stanley Bank,03/31/2002,0.37704130484024295,0.44580276232648225,-0.0687614574862393,0,False,
Morgan Stanley Bank,06/30/2002,0.37695666846786346,0.43581108669959007,-0.0588544182317266,0,False,
Morgan Stanley Bank,09/30/2002,0.3799466667248787,0.4371087980693981,-0.05716213134451942,0,False,
Morgan Stanley Bank,12/31/2002,0.3820308291579219,0.44708176605171684,-0.06505093689379493,0,False,
Morgan Stanley Bank,03/31/2003,0.37941957961933886,0.43755221176832926,-0.05813263214899039,0,False,
Morgan Stanley Bank,06/30/2003,0.37668691357337225,0.43417527356465957,-0.05748835999128732,0,False,
Morgan Stanley Bank,09/30/2003,0.37779210207709335,0.43086646981905624,-0.05307436774196289,0,False,
Morgan Stanley Bank,12/31/2003,0.3850995869775561,0.4413007454193715,-0.05620115844181539,0,False,
Morgan Stanley Bank,03/31/2004,0.3791239258127677,0.4298499449871023,-0.05072601917433456,0,False,
Morgan Stanley Bank,06/30/2004,0.3746019439540764,0.42176366743256555,-0.047161723478489126,0,False,
Morgan Stanley Bank,09/30/2004,0.3756957529353509,0.424356253348425,-0.048660500413074126,0,False,
Morgan Stanley Bank,12/31/2004,0.3886437538121577,0.431132151410366,-0.04248839759820827,0,False,
Morgan Stanley Bank,03/31/2005,0.3759257394124095,0.4215252476674352,-0.045599508255025734,0,False,
Morgan Stanley Bank,06/30/2005,0.3727225440110514,0.42255655091730915,-0.04983400690625772,0,False,
Morgan Stanley Bank,09/30/2005,0.37994128431999546,0.42767627047390155,-0.04773498615390609,0,False,
Morgan Stanley Bank,12/31/2005,0.39423935445257197,0.43704394093568305,-0.042804586483111084,0,False,
Morgan Stanley Bank,03/31/2006,0.4106273435457519,0.4243212133067429,-0.013693869760990962,0,False,
Morgan Stanley Bank,06/30/2006,0.4097787974342523,0.42483717925729536,-0.015058381823043088,0,False,
Morgan Stanley Bank,09/30/2006,0.41137144740708026,0.43468021616009134,-0.023308768753011078,0,False,
Morgan Stanley Bank,12/31/2006,0.42970793297951404,0.4579746587684862,-0.028266725788972158,0,False,
Morgan Stanley Bank,03/31/2007,0.3969842294069126,0.431813750871272,-0.034829521464359414,0,False,
Morgan Stanley Bank,06/30/2007,0.4073884495689351,0.4358436780186395,-0.028455228449704384,0,False,
Morgan Stanley Bank,09/30/2007,0.4427659590331221,0.44832498602950943,-0.0055590269963873284,0,False,
Morgan Stanley Bank,12/31/2007,0.5241825627245433,0.48365879009488555,0.040523772629657784,0,False,
Morgan Stanley Bank,03/31/2008,0.41665949223125337,0.44678803528021194,-0.030128543048958567,0,False,
Morgan Stanley Bank,06/30/2008,0.432866300209793,0.45480068431666937,-0.02193438410687637,0,False,
Morgan Stanley Bank,09/30/2008,0.45723993463500534,0.4734835018670373,-0.016243567232031964,0,False,
Morgan Stanley Bank,12/31/2008,0.519763896613905,0.5165914725222495,0.0031724240916555235,0,False,
Morgan Stanley Bank,03/31/2009,0.4294044131039575,0.46513708479185617,-0.035732671687898676,0,False,
Morgan Stanley Bank,06/30/2009,0.4082136815997106,0.45610734855381746,-0.04789366695410685,0,False,
Morgan Stanley Bank,09/30/2009,0.41909998217790007,0.46846220005385425,-0.049362217875954184,0,False,
Morgan Stanley Bank,12/31/2009,0.4573751329536669,0.4893937957556262,-0.03201866280195931,0,False,
Morgan Stanley Bank,03/31/2010,0.39871153866211745,0.458131257668021,-0.05941971900590354,0,False,
Morgan Stanley Bank,06/30/2010,0.39203256855701213,0.4484365073042636,-0.05640393874725147,0,False,
Morgan Stanley Bank,09/30/2010,0.39641083831088053,0.4529337370548454,-0.05652289874396488,0,False,
Morgan Stanley Bank,12/31/2010,0.3999075026002363,0.4624833971940681,-0.06257589459383184,0,False,
Morgan Stanley Bank,03/31/2011,0.38670641412475937,0.43883988494192266,-0.0521334708171633,0,False,
Morgan Stanley Bank,06/30/2011,0.4003511156062222,0.4400008328163975,-0.039649717210175295,0,False,
Morgan Stanley Bank,09/30/2011,0.4199642511913783,0.4501680647335579,-0.030203813542179603,0,False,
Morgan Stanley Bank,12/31/2011,0.45991939379014074,0.46327149861695177,-0.003352104826811031,0,False,
Morgan Stanley Bank,03/31/2012,0.3988730224505009,0.43200224049250086,-0.033129218041999975,0,False,
Morgan Stanley Bank,06/30/2012,0.390075897696554,0.42244794795644913,-0.032372050259895147,0,False,
Morgan Stanley Bank,09/30/2012,0.4017358139922198,0.43655226594294816,-0.034816451950728355,0,False,
Morgan Stanley Bank,12/31/2012,0.43155091205799617,0.45206195550194134,-0.020511043443945165,0,False,
Morgan Stanley Bank,03/31/2013,0.40403921794609504,0.4283498678355448,-0.024310649889449754,0,False,
Morgan Stanley Bank,06/30/2013,0.40890285761241774,0.42097260441851,-0.01206974680609224,0,False,
Morgan Stanley Bank,09/30/2013,0.42484362048284646,0.42557078376308904,-0.000727163280242582,0,False,
Morgan Stanley Bank,12/31/2013,0.42917729842251817,0.4459745588786896,-0.016797260456171414,0,False,
Morgan Stanley Bank,03/31/2014,0.4107626540995907,0.42290098073617105,-0.012138326636580377,0,False,
Morgan Stanley Bank,06/30/2014,0.39175216679671554,0.41164005323416725,-0.019887886437451707,0,False,
Morgan Stanley Bank,09/30/2014,0.4115207961268985,0.41886601199098344,-0.007345215864084931,0,False,
Morgan Stanley Bank,12/31/2014,0.44565575121109463,0.4414300931980759,0.004225658013018718,0,False,
Morgan Stanley Bank,03/31/2015,0.42049698724057094,0.42394208245745607,-0.00344509521688513,0,False,
Morgan Stanley Bank,06/30/2015,0.4180905853901552,0.41185804972486734,0.006232535665287864,0,False,
Morgan Stanley Bank,09/30/2015,0.443529570157564,0.42265609354285644,0.020873476614707565,0,False,
Morgan Stanley Bank,12/31/2015,0.4864425829989969,0.43884703994667307,0.04759554305232383,0,False,
Morgan Stanley Bank,03/31/2016,0.43486813822436565,0.42397855621777686,0.010889582006588794,0,False,
Morgan Stanley Bank,06/30/2016,0.4343387567702625,0.41722203844428,0.017116718325982494,0,False,
Morgan Stanley Bank,09/30/2016,0.4654777089390987,0.4267022978206363,0.03877541111846239,0,False,
Morgan Stanley Bank,12/31/2016,0.489812408897804,0.4481001394007535,0.04171226949705048,0,False,
Morgan Stanley Bank,03/31/2017,0.40734878895158716,0.4206652257129591,-0.013316436761371953,0,False,
Morgan Stanley Bank,06/30/2017,0.41670885616593,0.41605531213427377,0.0006535440316562391,0,False,
Morgan Stanley Bank,09/30/2017,0.4222459583637175,0.4212961690036372,0.0009497893600802776,0,False,
Morgan Stanley Bank,12/31/2017,0.4577273153300348,0.44178261645994477,0.015944698870090035,0,False,
Morgan Stanley Bank,03/31/2018,0.4205525123707104,0.4210636141455543,-0.000511101774843925,0,False,
Morgan Stanley Bank,06/30/2018,0.4275341544542962,0.4177958564570019,0.00973829799729431,0,False,
Morgan Stanley Bank,09/30/2018,0.4395698338121997,0.43057596957274047,0.008993864239459248,0,False,
Morgan Stanley Bank,12/31/2018,0.48349030909564317,0.45813045612553377,0.025359852970109398,0,False,
Morgan Stanley Bank,03/31/2019,0.4384115462534303,0.4273772000718766,0.011034346181553745,0,False,
Morgan Stanley Bank,06/30/2019,0.4479590971871807,0.43052890032021124,0.01743019686696945,0,False,
Morgan Stanley Bank,09/30/2019,0.46234320775472604,0.44333411723009175,0.019009090524634287,0,False,
Morgan Stanley Bank,12/31/2019,0.4967139565525727,0.46697197271650603,0.029741983836066688,0,False,
Morgan Stanley Bank,03/31/2020,0.4815609806252268,0.45838768766226257,0.02317329296296422,0,False,
Morgan Stanley Bank,06/30/2020,0.4699779939665309,0.4607462582303272,0.009231735736203672,0,False,
Morgan Stanley Bank,09/30/2020,0.49287199554917127,0.4642818960094897,0.028590099539681557,0,False,
Morgan Stanley Bank,12/31/2020,0.5347579294046775,0.48453511677032335,0.05022281263435413,0,False,
Morgan Stanley Bank,03/31/2021,0.47278367969370977,0.4595506743270286,0.01323300536668115,0,False,
Morgan Stanley Bank,06/30/2021,0.48123405869478036,0.45514820921765486,0.0260858494771255,0,False,
Morgan Stanley Bank,09/30/2021,0.49191764346171857,0.47084219934175575,0.021075444119962816,0,False,
Morgan Stanley Bank,12/31/2021,0.5407952212539281,0.4942708924183066,0.04652432883562152,0,False,
Morgan Stanley Bank,03/31/2022,0.49175798675641735,0.48066803691024423,0.01108994984617312,0,False,
Morgan Stanley Bank,06/30/2022,0.47566101524025556,0.4794682204737195,-0.0038072052334639506,0,False,
Morgan Stanley Bank,09/30/2022,0.5080053451011312,0.4866472598932927,0.02135808520783844,0,False,
Morgan Stanley Bank,12/31/2022,0.545239410849144,0.5037283891296305,0.041511021719513486,0,False,
Morgan Stanley Bank,03/31/2023,0.4862077532768407,0.46876383758834206,0.017443915688498624,0,False,
Morgan Stanley Bank,06/30/2023,0.506965271618903,0.47551669015645553,0.0314485814624475,0,False,
Morgan Stanley Bank,09/30/2023,0.5545875968527456,0.5035406815470475,0.05104691530569816,0,False,
Morgan Stanley Bank,12/31/2023,0.6232965193731914,0.5406190717954277,0.08267744757776374,1,False,
Morgan Stanley Bank,03/31/2024,0.48918740741735983,0.4763300850897713,0.012857322327588516,0,False,
Morgan Stanley Bank,06/30/2024,0.5335902287777191,0.48254017431850843,0.05105005445921068,0,False,
Morgan Stanley Bank,09/30/2024,0.5760151696908516,0.5170274382224124,0.058987731468439275,1,False,
Morgan Stanley Bank,12/31/2024,0.6430221367588215,0.5697075746078075,0.07331456215101395,1,False,
Morgan Stanley Bank,03/31/2025,0.5512823520942481,0.5121427260161949,0.039139626078053213,0,False,
Morgan Stanley Bank,06/30/2025,0.5802774681646763,0.5317015309372604,0.04857593722741593,1,False,
Morgan Stanley Bank,09/30/2025,0.634126057772131,0.5776609149746578,0.05646514279747328,1,False,
Goldman Sachs Bank USA,12/31/2008,0.4978021244479071,0.5165914725222495,-0.01878934807434235,0,False,
Goldman Sachs Bank USA,03/31/2009,0.4272515034810216,0.46513708479185617,-0.03788558131083458,0,False,
Goldman Sachs Bank USA,06/30/2009,0.4230551033091162,0.45610734855381746,-0.03305224524470124,0,False,
Goldman Sachs Bank USA,09/30/2009,0.44010282815452145,0.46846220005385425,-0.028359371899332797,0,False,
Goldman Sachs Bank USA,12/31/2009,0.46931800245531946,0.4893937957556262,-0.020075793300306732,0,False,
Goldman Sachs Bank USA,03/31/2010,0.4003510843607412,0.458131257668021,-0.0577801733072798,0,False,
Goldman Sachs Bank USA,06/30/2010,0.4073196297443852,0.4484365073042636,-0.04111687755987842,0,False,
Goldman Sachs Bank USA,09/30/2010,0.39514855361768103,0.4529337370548454,-0.05778518343716438,0,False,
Goldman Sachs Bank USA,12/31/2010,0.40241465514552066,0.4624833971940681,-0.06006874204854745,0,False,
Goldman Sachs Bank USA,03/31/2011,0.38602840565226204,0.43883988494192266,-0.05281147928966062,0,False,
Goldman Sachs Bank USA,06/30/2011,0.3994171525704818,0.4400008328163975,-0.04058368024591569,0,False,
Goldman Sachs Bank USA,09/30/2011,0.40040876337235964,0.4501680647335579,-0.04975930136119827,0,False,
Goldman Sachs Bank USA,12/31/2011,0.4007710104183865,0.46327149861695177,-0.0625004881985653,0,False,
Goldman Sachs Bank USA,03/31/2012,0.37530130560432423,0.43200224049250086,-0.056700934888176624,0,False,
Goldman Sachs Bank USA,06/30/2012,0.37138296086942774,0.42244794795644913,-0.051064987087021396,0,False,
Goldman Sachs Bank USA,09/30/2012,0.380024549610363,0.43655226594294816,-0.05652771633258513,0,False,
Goldman Sachs Bank USA,12/31/2012,0.3950992164390048,0.45206195550194134,-0.05696273906293653,0,False,
Goldman Sachs Bank USA,03/31/2013,0.38504127073510114,0.4283498678355448,-0.04330859710044366,0,False,
Goldman Sachs Bank USA,06/30/2013,0.3663302136982236,0.42097260441851,-0.05464239072028637,0,False,
Goldman Sachs Bank USA,09/30/2013,0.37761298524814485,0.42557078376308904,-0.047957798514944194,0,False,
Goldman Sachs Bank USA,12/31/2013,0.40281492564565125,0.4459745588786896,-0.04315963323303834,0,False,
Goldman Sachs Bank USA,03/31/2014,0.3802904216613529,0.42290098073617105,-0.042610559074818144,0,False,
Goldman Sachs Bank USA,06/30/2014,0.3665041181343487,0.41164005323416725,-0.04513593509981856,0,False,
Goldman Sachs Bank USA,09/30/2014,0.3766229605380139,0.41886601199098344,-0.04224305145296953,0,False,
Goldman Sachs Bank USA,12/31/2014,0.3934046020454052,0.4414300931980759,-0.048025491152670685,0,False,
Goldman Sachs Bank USA,03/31/2015,0.3841923057570799,0.42394208245745607,-0.03974977670037616,0,False,
Goldman Sachs Bank USA,06/30/2015,0.36659197732089943,0.41185804972486734,-0.045266072403967905,0,False,
Goldman Sachs Bank USA,09/30/2015,0.3804702544519473,0.42265609354285644,-0.042185839090909116,0,False,
Goldman Sachs Bank USA,12/31/2015,0.38968837769549386,0.43884703994667307,-0.04915866225117921,0,False,
Goldman Sachs Bank USA,03/31/2016,0.3829844040282371,0.42397855621777686,-0.04099415218953978,0,False,
Goldman Sachs Bank USA,06/30/2016,0.3780018942824728,0.41722203844428,-0.03922014416180725,0,False,
Goldman Sachs Bank USA,09/30/2016,0.3906455873005958,0.4267022978206363,-0.0360567105200405,0,False,
Goldman Sachs Bank USA,12/31/2016,0.4242274074173717,0.4481001394007535,-0.0238727319833818,0,False,
Goldman Sachs Bank USA,03/31/2017,0.4077422517534392,0.4206652257129591,-0.012922973959519912,0,False,
Goldman Sachs Bank USA,06/30/2017,0.39675523049892797,0.41605531213427377,-0.0193000816353458,0,False,
Goldman Sachs Bank USA,09/30/2017,0.3984163999673214,0.4212961690036372,-0.022879769036315778,0,False,
Goldman Sachs Bank USA,12/31/2017,0.42970175324083837,0.44178261645994477,-0.012080863219106397,0,False,
Goldman Sachs Bank USA,03/31/2018,0.4067117156020151,0.4210636141455543,-0.014351898543539243,0,False,
Goldman Sachs Bank USA,06/30/2018,0.4006395732098389,0.4177958564570019,-0.017156283247163007,0,False,
Goldman Sachs Bank USA,09/30/2018,0.4044875885869506,0.43057596957274047,-0.02608838098578986,0,False,
Goldman Sachs Bank USA,12/31/2018,0.45400096954255753,0.45813045612553377,-0.004129486582976238,0,False,
Goldman Sachs Bank USA,03/31/2019,0.42313589555422854,0.4273772000718766,-0.004241304517648037,0,False,
Goldman Sachs Bank USA,06/30/2019,0.42489583344999077,0.43052890032021124,-0.005633066870220471,0,False,
Goldman Sachs Bank USA,09/30/2019,0.4379685918846646,0.44333411723009175,-0.005365525345427169,0,False,
Goldman Sachs Bank USA,12/31/2019,0.4747015997572339,0.46697197271650603,0.007729627040727882,0,False,
Goldman Sachs Bank USA,03/31/2020,0.45833456889455915,0.45838768766226257,-5.31187677034195e-05,0,False,
Goldman Sachs Bank USA,06/30/2020,0.47248989537977687,0.4607462582303272,0.011743637149449648,0,False,
Goldman Sachs Bank USA,09/30/2020,0.47090170261541103,0.4642818960094897,0.006619806605921319,0,False,
Goldman Sachs Bank USA,12/31/2020,0.4945003921876942,0.48453511677032335,0.009965275417370856,0,False,
Goldman Sachs Bank USA,03/31/2021,0.46496683915487547,0.4595506743270286,0.005416164827846848,0,False,
Goldman Sachs Bank USA,06/30/2021,0.456008605031943,0.45514820921765486,0.0008603958142881507,0,False,
Goldman Sachs Bank USA,09/30/2021,0.4955126283140222,0.47084219934175575,0.024670428972266456,0,False,
Goldman Sachs Bank USA,12/31/2021,0.5369142733923641,0.4942708924183066,0.04264338097405751,0,False,
Goldman Sachs Bank USA,03/31/2022,0.5011201292388301,0.48066803691024423,0.020452092328585858,0,False,
Goldman Sachs Bank USA,06/30/2022,0.538155989243604,0.4794682204737195,0.05868776876988446,0,False,
Goldman Sachs Bank USA,09/30/2022,0.5396585067574117,0.4866472598932927,0.053011246864118955,0,False,
Goldman Sachs Bank USA,12/31/2022,0.5617188881763542,0.5037283891296305,0.05799049904672371,0,False,
Goldman Sachs Bank USA,03/31/2023,0.5027346131687697,0.46876383758834206,0.033970775580427603,0,False,
Goldman Sachs Bank USA,06/30/2023,0.5115291852093371,0.47551669015645553,0.036012495052881566,0,False,
Goldman Sachs Bank USA,09/30/2023,0.5356087009412914,0.5035406815470475,0.032068019394243974,0,False,
Goldman Sachs Bank USA,12/31/2023,0.5935492354177998,0.5406190717954277,0.05293016362237213,1,False,
Goldman Sachs Bank USA,03/31/2024,0.4920485342203156,0.4763300850897713,0.015718449130544265,0,False,
Goldman Sachs Bank USA,06/30/2024,0.496947960402746,0.48254017431850843,0.014407786084237595,0,False,
Goldman Sachs Bank USA,09/30/2024,0.5499560638662807,0.5170274382224124,0.03292862564386834,0,False,
Goldman Sachs Bank USA,12/31/2024,0.6290373861223013,0.5697075746078075,0.05932981151449379,1,False,
Goldman Sachs Bank USA,03/31/2025,0.5210876200776541,0.5121427260161949,0.008944894061459152,0,False,
Goldman Sachs Bank USA,06/30/2025,0.5624941381552536,0.5317015309372604,0.030792607217993262,1,False,
Goldman Sachs Bank USA,09/30/2025,0.6091911550082035,0.5776609149746578,0.031530240033545764,1,False,
